topic	link	header
artificial-intelligence	/story/why-beating-china-in-ai-brings-its-own-risks/	Why ‘Beating China’ in AI Brings Its Own Risks
artificial-intelligence	/story/botto-the-millionaire-ai-artist-is-getting-a-personality/	Botto, the Millionaire AI Artist, Is Getting a Personality
artificial-intelligence	/story/onlyfans-models-are-using-ai-impersonators-to-keep-up-with-their-dms/	OnlyFans Models Are Using AI Impersonators to Keep Up With Their DMs
artificial-intelligence	/story/celsius-founder-alex-mashinsky-pleads-guilty-to-fraud-crypto-celsius/	Celsius Founder Alex Mashinsky Pleads Guilty to Fraud
artificial-intelligence	/story/robot-army-proxie-humanoid/	The Man Behind Amazon’s Robot Army Wants Everyone to Have an AI-Powered Helper
artificial-intelligence	/story/5-updates-gpt-4-turbo-openai-chatgpt-sam-altman/	5 Key Updates in GPT-4 Turbo, OpenAI’s Newest Model
artificial-intelligence	/story/how-to-use-chatgpt-dalle-3-create-images/	How to Create Images With ChatGPT’s New Dall-E 3 Integration
artificial-intelligence	/story/does-using-ai-make-me-lazy/	Does Using AI Make Me Lazy?
artificial-intelligence	/story/ai-game-design-midjourney-ethics-development/	AI Can Give You an NPC That Remembers. It Could Also Get Your Favorite Artist Fired
artificial-intelligence	/story/is-in-app-ai-useful/	Apps Are Rushing to Add AI. Is Any of It Useful?
artificial-intelligence	/story/please-stop-asking-chatbots-for-love-advice/	Please Stop Asking Chatbots for Love Advice
artificial-intelligence	/story/ai-make-gaming-better-accessibility/	How AI Can Make Gaming Better for All Players
artificial-intelligence	/story/5-surprising-uses-chatgpt/	5 Uses for ChatGPT that Aren’t Fan Fiction or Cheating at School
artificial-intelligence	/story/video-games-ai-copyright/	Generative AI in Games Will Create a Copyright Crisis
artificial-intelligence	/story/how-to-tackle-ai-and-cheating-in-schools-classroom/	How to Tackle AI—and Cheating—in the Classroom
artificial-intelligence	/story/chatgpt-google-bard-bing-ai-help-find-job/	All the Ways ChatGPT Can Help You Land a Job
artificial-intelligence	/story/chatgpt-plus-web-browsing-openai/	I Finally Bought a ChatGPT Plus Subscription—and It’s Worth It
artificial-intelligence	/story/how-to-use-chatgpt-brainstorm-ai/	6 Tips for Using ChatGPT to Brainstorm Better
artificial-intelligence	/story/11-better-prompts-google-bard/	11 Smart Prompts to Do More With Google Bard
artificial-intelligence	/story/chatgpt-ai-bots-spread-malware/	How ChatGPT—and Bots Like It—Can Spread Malware
neuroscience	/story/severance-apple-tv-plus-cognitive-neuroscience/	The Real Cognitive Neuroscience Behind Severance
neuroscience	/story/fish-have-a-brain-microbiome-could-humans-have-one-too/	Could Humans Have a Brain Microbiome?
neuroscience	/story/good-at-reading-your-brain-may-be-structured-differently/	Good at Reading? Your Brain May Be Structured Differently
neuroscience	/story/amputees-could-control-prosthetics-with-just-their-thoughts-no-brain-surgery-required-phantom-neuro/	Muscle Implants Could Allow Mind-Controlled Prosthetics—No Brain Surgery Required
neuroscience	/story/why-soccer-players-are-training-in-the-dark-okkulo-football-sunderland-leeds-united-neuroscience/	Why Soccer Players Are Training in the Dark
neuroscience	/story/neuralink-robotic-arm-controlled-by-mind/	Neuralink Plans to Test Whether Its Brain Implant Can Control a Robotic Arm
neuroscience	/story/these-rats-learned-to-drive-and-they-love-it/	These Rats Learned to Drive—and They Love It
neuroscience	/story/how-our-longest-nerve-orchestrates-the-mind-body-connection-vagus/	The Vagus Nerve’s Crucial Role in Creating the Human Sense of Mind
neuroscience	/story/wired-health-hub-why-vibrating-your-body-the-right-way-could-relieve-migraines/	Patients Are Turning to Vibrators to Relieve Their Migraines
neuroscience	/story/this-brain-tracking-device-wants-to-help-you-work-smarter/	I Tried These Brain-Tracking Headphones That Claim to Improve Focus
neuroscience	/story/strange-visual-auras-could-hold-the-key-to-better-migraine-treatments/	Strange Visual Auras Could Hold the Key to Better Migraine Treatments
neuroscience	/story/this-is-the-most-detailed-map-of-brain-connections-ever-made-google-harvard/	This Is the Most Detailed Map of Human Brain Connections Ever Made
neuroscience	/story/elon-musk-neuralink-implant-second-volunteer/	Elon Musk’s Neuralink Is Ready to Implant a Second Volunteer
neuroscience	/story/brain-tag-electrical-memories/	How the Brain Decides What to Remember
neuroscience	/story/neuralink-first-patient-interview-noland-arbaugh-elon-musk/	Neuralink’s First User Is ‘Constantly Multitasking’ With His Brain Implant
neuroscience	/story/neuralinks-brain-implant-issues/	Elon Musk’s Neuralink Had a Brain Implant Setback. It May Come Down to Design
neuroscience	/story/china-brain-computer-interfaces-neuralink-neucyber-neurotech/	China Has a Controversial Plan for Brain-Computer Interfaces
neuroscience	/story/neuralink-brain-implant-study-site/	We Finally Know Where Neuralink’s Brain Implant Trial Is Happening
neuroscience	/story/the-next-frontier-for-brain-implants-is-artificial-vision-neuralink-elon-musk/	The Next Frontier for Brain Implants Is Artificial Vision
neuroscience	/story/cerebellum-brain-movement-feelings/	Scientists Are Unlocking the Secrets of Your ‘Little Brain’
neuroscience	/story/designer-behind-neuralinks-surgical-robot-afshin-mehin/	Meet the Designer Behind Neuralink’s Surgical Robot
neuroscience	/story/neuralink-implant-first-human-patient-demonstration/	Watch Neuralink’s First Human Subject Demonstrate His Brain-Computer Interface
neuroscience	/story/your-next-job-bci-surgeon/	So You Want to Rewire Brains
neuroscience	/story/cognito-wearable-device-light-sound-treatment-alzheimers-dementia/	A New Headset Aims to Treat Alzheimer’s With Light and Sound
neuroscience	https://www.wired.com/review/vasco-translator-e1/#intcid=_wired-tag-right-rail_ae63da20-da48-4654-a09b-7a0499f86805_popular4-1	Vasco's Translator E1 Brings Impressive Real-Time Translations Straight to Your Ears
neuroscience	https://www.wired.com/gallery/best-wireless-headphones/#intcid=_wired-tag-right-rail_ae63da20-da48-4654-a09b-7a0499f86805_popular4-1	We Spent Thousands of Hours Listening to Find the Best Wireless Headphones
neuroscience	https://www.wired.com/gallery/best-indoor-air-quality-monitors/#intcid=_wired-tag-right-rail_ae63da20-da48-4654-a09b-7a0499f86805_popular4-1	The Best Air Quality Monitors We’ve Tried
neuroscience	https://www.wired.com/gallery/posture-correctors/#intcid=_wired-tag-right-rail_ae63da20-da48-4654-a09b-7a0499f86805_popular4-1	The Best Posture Correctors to Straighten You Up
